epoch,loss,lr,val-loss,train-plannerADE,train-plannerFDE,train-predictorADE,train-predictorFDE,val-plannerADE,val-plannerFDE,val-predictorADE,val-predictorFDE
1,5.154784220858784,0.0002,3.618988768259684,1.9650173129931174,3.5562879546743926,1.4417632382532721,2.969816079752041,1.5568906625111898,2.4716994255781173,0.83265670388937,1.8947720140218736
2,3.674978184265734,0.0002,3.460261688629786,1.536274922849485,2.522354518368379,0.8651360329274489,1.9174688817590528,1.5032134224971136,2.441806648174922,0.7281064204871655,1.703549188375473
